Open,High,Low,Close,Volume,score,direction
247.4600067138672,251.02000427246094,247.09500122070312,249.88999938964844,13163580.0,0.5714285714285714,long
249.88999938964844,251.38760375976562,249.3699951171875,251.0399932861328,6029993.0,0.2857142857142857,long
251.0399932861328,251.85000610351562,250.53500366210938,250.5800018310547,4327867.0,0.7142857142857143,long
250.58999633789062,250.94000244140625,249.72000122070312,250.8300018310547,3212228.0,0.42857142857142855,long
250.81500244140625,251.4499969482422,250.2902069091797,250.52000427246094,2255973.0,0.7142857142857143,long
250.50999450683594,250.52000427246094,249.52999877929688,250.3249969482422,2871418.0,0.7142857142857143,long
250.3300018310547,250.5500030517578,249.4093017578125,249.85000610351562,4256393.0,0.7142857142857143,long
248.1199951171875,249.6240997314453,246.3000030517578,249.59500122070312,21606592.0,0.5714285714285714,long
249.58999633789062,252.0,249.39999389648438,251.99000549316406,5534153.0,0.2857142857142857,long
251.97999572753906,253.92999267578125,251.88999938964844,253.73500061035156,6609817.0,0.2857142857142857,long
253.73500061035156,253.77000427246094,252.77200317382812,252.8699951171875,3597562.0,0.42857142857142855,long
252.91000366210938,253.64999389648438,252.67999267578125,253.62030029296875,3481696.0,0.5714285714285714,long
253.6300048828125,254.19000244140625,253.3000030517578,253.49000549316406,5096339.0,0.42857142857142855,long
253.5,255.0,252.7899932861328,254.58999633789062,8461430.0,0.42857142857142855,long
255.33999633789062,255.4199981689453,253.4499969482422,254.07000732421875,8639208.0,0.2857142857142857,long
254.0500030517578,255.07000732421875,253.4600067138672,254.8300018310547,3133440.0,0.2857142857142857,long
254.83909606933594,255.22999572753906,254.3699951171875,254.42999267578125,2397338.0,0.42857142857142855,long
254.42999267578125,254.7550048828125,253.72000122070312,253.9199981689453,3619882.0,0.2857142857142857,long
253.9199981689453,254.4600067138672,253.8699951171875,254.2949981689453,2441370.0,0.42857142857142855,long
254.3000030517578,254.39999389648438,253.67999267578125,254.33999633789062,2612184.0,0.42857142857142855,long
254.33999633789062,255.64999389648438,254.33999633789062,255.30999755859375,4322344.0,0.2857142857142857,long
255.86000061035156,257.45001220703125,255.75999450683594,257.1050109863281,6593845.0,0.2857142857142857,long
257.114990234375,258.0,257.1000061035156,257.2929992675781,3930054.0,0.42857142857142855,long
257.2699890136719,257.5400085449219,256.8700866699219,257.3599853515625,2866762.0,0.42857142857142855,long
258.9790954589844,260.0899963378906,257.6300048828125,258.3612060546875,8036580.0,0.2857142857142857,long
258.364990234375,259.19000244140625,258.1300048828125,258.8800048828125,2886529.0,0.2857142857142857,long
258.8900146484375,259.3399963378906,258.82000732421875,258.9849853515625,1989211.0,0.42857142857142855,long
258.9880065917969,259.32501220703125,258.57000732421875,258.81890869140625,1857025.0,0.42857142857142855,long
258.80999755859375,258.94891357421875,258.4100036621094,258.6000061035156,1532082.0,0.42857142857142855,long
258.6099853515625,259.4700012207031,258.5899963378906,259.1099853515625,2293812.0,0.2857142857142857,long
259.1199951171875,259.510009765625,259.010009765625,259.1000061035156,2691314.0,0.42857142857142855,long
257.8999938964844,258.70001220703125,254.91000366210938,254.99000549316406,7279122.0,0.2857142857142857,long
254.9600067138672,255.39999389648438,254.0399932861328,254.72999572753906,5252455.0,0.42857142857142855,long
254.74000549316406,254.8000030517578,253.05999755859375,253.67999267578125,4795494.0,0.5714285714285714,long
253.6699981689453,254.9799041748047,253.64779663085938,254.9499969482422,3338291.0,0.42857142857142855,long
254.94000244140625,255.50999450683594,254.86000061035156,255.01499938964844,2423344.0,0.42857142857142855,long
255.02999877929688,255.55990600585938,254.9600067138672,255.1699981689453,2513045.0,0.42857142857142855,long
255.1699981689453,255.82000732421875,254.97000122070312,255.72000122070312,5269742.0,0.7142857142857143,long
252.72000122070312,252.8699951171875,250.75,250.9199981689453,7918270.0,0.2857142857142857,long
250.91600036621094,252.28500366210938,250.91600036621094,251.89999389648438,3565575.0,0.2857142857142857,long
251.88999938964844,253.10000610351562,251.80999755859375,253.0500030517578,2716217.0,0.2857142857142857,long
253.05999755859375,253.47000122070312,252.5,252.82000732421875,2154164.0,0.42857142857142855,long
252.80499267578125,253.2899932861328,252.58999633789062,252.9364013671875,2351450.0,0.42857142857142855,long
252.92999267578125,253.49989318847656,252.69000244140625,252.72000122070312,2668679.0,0.42857142857142855,long
252.72999572753906,253.0399932861328,252.0399932861328,252.1199951171875,3863755.0,0.42857142857142855,long
252.66000366210938,253.27999877929688,251.32000732421875,251.6876983642578,5118031.0,0.2857142857142857,long
251.69000244140625,252.139892578125,251.02499389648438,251.17999267578125,2379768.0,0.2857142857142857,long
251.17999267578125,251.5500030517578,250.64999389648438,250.71629333496094,1975317.0,0.5714285714285714,long
250.6999969482422,250.75999450683594,249.44000244140625,249.69000244140625,3894785.0,0.7142857142857143,long
249.69000244140625,250.26800537109375,249.52999877929688,249.77000427246094,2272071.0,0.7142857142857143,long
249.76499938964844,250.8800048828125,249.69000244140625,250.7700958251953,3376639.0,0.42857142857142855,long
250.77000427246094,251.0800018310547,249.5,250.3800048828125,7162976.0,0.7142857142857143,long
248.92999267578125,249.10000610351562,244.8000030517578,245.73989868164062,13501229.0,0.5714285714285714,long
245.6300048828125,245.8800048828125,244.16009521484375,244.89500427246094,6830782.0,0.42857142857142855,long
244.90989685058594,245.25,243.32000732421875,243.42860412597656,4384552.0,0.2857142857142857,long
243.41000366210938,243.41000366210938,242.30999755859375,242.6862030029297,6464462.0,0.42857142857142855,long
242.6699981689453,242.83999633789062,241.82009887695312,242.4884033203125,5547977.0,0.42857142857142855,long
242.47999572753906,243.44000244140625,241.87130737304688,243.23109436035156,5106418.0,0.42857142857142855,long
243.25,243.9499969482422,243.01019287109375,243.82000732421875,6023491.0,0.42857142857142855,long
242.8802032470703,244.17999267578125,241.88999938964844,242.4597930908203,9135529.0,0.2857142857142857,long
242.4499969482422,243.67559814453125,242.13999938964844,243.49000549316406,4968036.0,0.2857142857142857,long
243.47999572753906,244.04859924316406,242.6699981689453,242.7707061767578,3673389.0,0.42857142857142855,long
242.77999877929688,243.16000366210938,242.27999877929688,243.00999450683594,3313371.0,0.42857142857142855,long
243.0,243.05999755859375,242.57000732421875,242.6699981689453,3130427.0,0.42857142857142855,long
242.66000366210938,243.44239807128906,242.63999938964844,242.85000610351562,3007142.0,0.42857142857142855,long
242.83999633789062,243.60000610351562,242.61000061035156,243.3000030517578,4381782.0,0.2857142857142857,long
244.3300018310547,246.1826934814453,243.83999633789062,245.5500030517578,10577599.0,0.2857142857142857,long
245.5399932861328,247.3300018310547,245.3300018310547,246.74000549316406,5006800.0,0.7142857142857143,long
246.7550048828125,246.76100158691406,245.7012939453125,245.77000427246094,3354093.0,0.7142857142857143,long
245.75999450683594,245.8699951171875,244.47999572753906,245.02999877929688,3070077.0,0.42857142857142855,long
245.02999877929688,245.17999267578125,244.60000610351562,244.97999572753906,2065770.0,0.42857142857142855,long
244.97999572753906,245.1300048828125,244.4250030517578,244.89500427246094,2306175.0,0.42857142857142855,long
244.91000366210938,245.33999633789062,244.4199981689453,245.0,3773029.0,0.42857142857142855,long
242.97999572753906,245.5500030517578,242.8300018310547,245.38890075683594,8173530.0,0.2857142857142857,long
245.13999938964844,245.32000732421875,243.7100067138672,243.77000427246094,4154915.0,0.2857142857142857,long
243.74000549316406,245.0,242.13819885253906,242.38999938964844,4446679.0,0.2857142857142857,long
242.39999389648438,243.4084014892578,241.36000061035156,243.15550231933594,3448950.0,0.42857142857142855,long
243.14999389648438,243.17999267578125,242.07009887695312,242.45799255371094,2577768.0,0.42857142857142855,long
242.4499969482422,242.49000549316406,241.75,242.00999450683594,2681979.0,0.7142857142857143,long
242.02000427246094,242.40499877929688,241.53900146484375,242.19000244140625,4772501.0,0.42857142857142855,long
241.97000122070312,242.86549377441406,240.0500030517578,242.40989685058594,7170550.0,0.2857142857142857,long
242.38999938964844,243.71229553222656,242.0850067138672,242.7100067138672,4154228.0,0.42857142857142855,long
242.72610473632812,243.5800018310547,241.24000549316406,241.3699951171875,3009958.0,0.7142857142857143,long
241.36000061035156,242.50869750976562,241.1999969482422,242.35000610351562,2612848.0,0.42857142857142855,long
242.35000610351562,242.97999572753906,241.04400634765625,242.7949981689453,2761227.0,0.42857142857142855,long
242.6999969482422,242.72000122070312,241.6999969482422,242.38400268554688,2452219.0,0.42857142857142855,long
242.3800048828125,242.98699951171875,241.8000030517578,242.72000122070312,3573432.0,0.42857142857142855,long
239.96499633789062,240.14999389648438,235.8000030517578,237.4250030517578,13137403.0,0.7142857142857143,long
237.4241943359375,237.43499755859375,233.5,233.77000427246094,8427975.0,0.2857142857142857,long
233.77000427246094,235.89999389648438,233.0,235.57000732421875,7179671.0,0.42857142857142855,long
235.5399932861328,237.33970642089844,235.06500244140625,237.11500549316406,3958571.0,0.8571428571428571,long
237.1199951171875,237.5850067138672,236.41000366210938,236.8300018310547,3175363.0,0.7142857142857143,long
236.83999633789062,236.8800048828125,235.75,235.9949951171875,3580665.0,0.42857142857142855,long
235.9949951171875,237.2899932861328,235.77000427246094,236.92999267578125,5097626.0,0.8571428571428571,long
233.5,233.58999633789062,229.72000122070312,230.3800048828125,13314474.0,0.2857142857142857,long
230.3800048828125,231.8000030517578,230.22000122070312,230.72500610351562,5357189.0,0.2857142857142857,long
230.7324981689453,232.52999877929688,230.39999389648438,232.32000732421875,4160495.0,0.5714285714285714,long
232.2899932861328,233.43499755859375,231.97999572753906,233.3800048828125,2920622.0,0.5714285714285714,long
233.3800048828125,233.97000122070312,233.25,233.55999755859375,2678525.0,0.5714285714285714,long
233.5500030517578,234.1999969482422,233.3699951171875,233.6844024658203,3290938.0,0.42857142857142855,long
233.69000244140625,234.6699981689453,233.65499877929688,234.39999389648438,4579852.0,0.42857142857142855,long
234.75,236.1199951171875,234.25999450683594,235.61000061035156,6863540.0,0.2857142857142857,long
235.60000610351562,235.97000122070312,234.1300048828125,234.2100067138672,3836690.0,0.2857142857142857,long
234.19000244140625,234.47630310058594,232.84500122070312,233.3249969482422,3080840.0,0.5714285714285714,long
233.30999755859375,234.1199951171875,232.64999389648438,234.02020263671875,2179055.0,0.42857142857142855,long
234.0399932861328,234.9199981689453,233.72000122070312,234.25869750976562,2448410.0,0.42857142857142855,long
234.25,234.64999389648438,232.4720001220703,233.2949981689453,3619972.0,0.7142857142857143,long
233.27999877929688,233.44000244140625,232.5399932861328,233.27999877929688,4851942.0,0.7142857142857143,long
234.63999938964844,238.38999938964844,234.42999267578125,237.92010498046875,8599650.0,0.5714285714285714,long
237.9600067138672,238.5399932861328,237.30999755859375,237.40069580078125,3705014.0,0.8571428571428571,long
237.39999389648438,237.5800018310547,236.5023956298828,237.11990356445312,2959584.0,0.8571428571428571,long
237.11500549316406,237.74000549316406,236.97000122070312,237.52999877929688,2206504.0,0.7142857142857143,long
237.52000427246094,237.75999450683594,237.25999450683594,237.5601043701172,1908254.0,0.7142857142857143,long
237.5800018310547,238.03419494628906,237.52000427246094,237.62120056152344,2782086.0,0.7142857142857143,long
237.6199951171875,238.47000122070312,237.38999938964844,237.85000610351562,4684385.0,0.7142857142857143,long
237.49000549316406,238.00999450683594,232.71060180664062,232.8179931640625,10445774.0,0.7142857142857143,long
232.802001953125,233.02000427246094,230.16000366210938,230.5850067138672,11066513.0,0.42857142857142855,long
230.59950256347656,231.10000610351562,229.75,230.9199981689453,8412063.0,0.42857142857142855,long
230.9199981689453,231.1999969482422,229.07000732421875,229.19000244140625,6223224.0,0.42857142857142855,long
229.18499755859375,229.39999389648438,228.55999755859375,229.1750030517578,5844721.0,0.42857142857142855,long
229.1750030517578,230.068603515625,228.89999389648438,229.02499389648438,6469586.0,0.42857142857142855,long
229.00999450683594,229.2917938232422,228.02999877929688,228.24000549316406,9428473.0,0.7142857142857143,long
231.30999755859375,232.2899932861328,229.72000122070312,230.38499450683594,25704386.0,0.2857142857142857,long
230.39999389648438,231.64999389648438,230.35000610351562,231.2812957763672,6641037.0,0.2857142857142857,long
231.2899932861328,231.32000732421875,229.49000549316406,230.25909423828125,5636022.0,0.2857142857142857,long
230.26499938964844,230.44000244140625,229.88999938964844,229.91000366210938,3639355.0,0.2857142857142857,long
229.9102020263672,229.9499969482422,228.47999572753906,229.17999267578125,4996598.0,0.2857142857142857,long
229.17999267578125,229.77000427246094,229.0800018310547,229.44009399414062,4408697.0,0.42857142857142855,long
229.44000244140625,230.02000427246094,229.22999572753906,229.99000549316406,5430152.0,0.42857142857142855,long
224.0,224.4199981689453,220.8000030517578,221.77029418945312,25254424.0,0.2857142857142857,long
221.77499389648438,222.08999633789062,219.6999969482422,220.10780334472656,13429826.0,0.5714285714285714,long
220.08999633789062,220.77000427246094,219.3800048828125,220.36000061035156,9451785.0,0.7142857142857143,long
220.36000061035156,221.07000732421875,220.00999450683594,220.40499877929688,6315018.0,0.42857142857142855,long
220.40469360351562,221.69000244140625,220.3699951171875,221.60989379882812,6914968.0,0.42857142857142855,long
221.60499572753906,221.6699981689453,220.30999755859375,221.64990234375,7105466.0,0.42857142857142855,long
221.63999938964844,222.77999877929688,221.33999633789062,222.66000366210938,7242328.0,0.42857142857142855,long
219.94000244140625,223.35279846191406,219.8000030517578,221.63099670410156,16298662.0,0.2857142857142857,long
221.63499450683594,223.0800018310547,221.5500030517578,222.85980224609375,6740287.0,0.2857142857142857,long
222.85789489746094,222.92799377441406,221.6999969482422,222.56500244140625,5094747.0,0.42857142857142855,long
222.56500244140625,222.85000610351562,222.01499938964844,222.11570739746094,3954228.0,0.42857142857142855,long
222.1300048828125,222.86500549316406,221.91000366210938,222.74600219726562,3384532.0,0.42857142857142855,long
222.75,223.60000610351562,222.4199981689453,223.35000610351562,5606510.0,0.2857142857142857,long
223.36500549316406,223.97999572753906,223.05999755859375,223.77000427246094,5027611.0,0.2857142857142857,long
224.72999572753906,227.02999877929688,224.38949584960938,225.97000122070312,14316012.0,0.5714285714285714,long
225.96499633789062,226.3699951171875,224.3800048828125,225.1750030517578,6661602.0,0.7142857142857143,long
225.16000366210938,225.19500732421875,223.3856964111328,223.57000732421875,5267365.0,0.2857142857142857,long
223.56500244140625,223.77999877929688,223.19000244140625,223.5500030517578,5083443.0,0.42857142857142855,long
223.55999755859375,223.63499450683594,222.42999267578125,222.8000030517578,4117821.0,0.42857142857142855,long
222.80999755859375,223.1699981689453,222.5749969482422,222.8800048828125,4096781.0,0.42857142857142855,long
222.86500549316406,223.64999389648438,222.3000030517578,223.64999389648438,6903829.0,0.42857142857142855,long
224.97500610351562,225.6300048828125,222.5301055908203,222.72999572753906,15246196.0,0.2857142857142857,long
222.73500061035156,223.3699951171875,222.35009765625,222.75999450683594,6090500.0,0.42857142857142855,long
222.77000427246094,223.49000549316406,222.13999938964844,222.27999877929688,5067407.0,0.2857142857142857,long
222.27999877929688,222.72450256347656,221.9499969482422,222.16000366210938,3586687.0,0.42857142857142855,long
222.13999938964844,222.5500030517578,221.9199981689453,222.3699951171875,2912495.0,0.42857142857142855,long
222.35000610351562,222.92999267578125,221.41000366210938,222.32000732421875,4686564.0,0.42857142857142855,long
222.31500244140625,223.0449981689453,222.1999969482422,222.7899932861328,5237044.0,0.42857142857142855,long
224.02999877929688,227.6999969482422,224.0,227.29229736328125,22895716.0,0.5714285714285714,long
227.3000030517578,228.8300018310547,227.08999633789062,228.49380493164062,9565070.0,0.42857142857142855,long
228.47000122070312,230.13999938964844,228.17999267578125,230.08999633789062,8523755.0,0.2857142857142857,long
230.08999633789062,231.3800048828125,229.8105010986328,231.32000732421875,6766052.0,0.2857142857142857,long
231.3000030517578,232.14999389648438,230.99000549316406,232.02999877929688,7080439.0,0.42857142857142855,long
232.02999877929688,232.02999877929688,230.13999938964844,230.67999267578125,9415488.0,0.42857142857142855,long
230.6999969482422,231.3800048828125,228.47999572753906,229.94000244140625,10815158.0,0.42857142857142855,long
230.8800048828125,237.7899932861328,230.8800048828125,237.63999938964844,21113721.0,0.5714285714285714,long
237.64999389648438,239.4499969482422,237.6300048828125,239.0800018310547,12275716.0,0.42857142857142855,long
239.05999755859375,240.19000244140625,238.20010375976562,238.5500030517578,8384418.0,0.42857142857142855,long
238.5500030517578,239.24989318847656,238.23500061035156,238.74420166015625,3770424.0,0.42857142857142855,long
238.76800537109375,239.10000610351562,238.58999633789062,238.82000732421875,3369693.0,0.42857142857142855,long
238.82220458984375,239.47999572753906,238.30999755859375,238.83999633789062,4877201.0,0.42857142857142855,long
238.8800048828125,238.97999572753906,237.75999450683594,238.24000549316406,5143611.0,0.42857142857142855,long
235.0,237.1300048828125,234.52000427246094,236.8300018310547,11611110.0,0.5714285714285714,long
236.80999755859375,238.0,236.42999267578125,236.5157012939453,4857419.0,0.42857142857142855,long
236.52999877929688,237.22000122070312,236.1300048828125,236.86900329589844,4055486.0,0.7142857142857143,long
236.8699951171875,237.43499755859375,235.4600067138672,237.42999267578125,3400271.0,0.7142857142857143,long
237.4499969482422,237.66000366210938,236.30999755859375,236.44500732421875,2765958.0,0.42857142857142855,long
236.44000244140625,239.24000549316406,236.34500122070312,239.0500030517578,4886187.0,0.2857142857142857,long
239.05999755859375,239.85499572753906,238.72000122070312,239.35000610351562,5064524.0,0.2857142857142857,long
238.6649932861328,240.7899932861328,238.08999633789062,238.4600067138672,8800925.0,0.2857142857142857,long
238.4600067138672,239.02999877929688,237.2100067138672,238.16000366210938,6211686.0,0.42857142857142855,long
238.1844024658203,238.8800048828125,237.80999755859375,238.02999877929688,3222220.0,0.42857142857142855,long
238.02999877929688,238.7686004638672,237.90499877929688,238.4499969482422,2683972.0,0.42857142857142855,long
238.44000244140625,239.6699981689453,238.44000244140625,239.25,3360211.0,0.42857142857142855,long
239.25,240.0500030517578,239.2100067138672,239.5800018310547,4799123.0,0.42857142857142855,long
239.5800018310547,239.85499572753906,237.24000549316406,237.55999755859375,6836079.0,0.5714285714285714,long
247.0399932861328,247.19000244140625,240.5500030517578,240.943603515625,27334395.0,0.5714285714285714,long
240.90499877929688,241.42930603027344,238.58999633789062,238.94900512695312,10162823.0,0.2857142857142857,long
238.97000122070312,240.0500030517578,238.74000549316406,239.74000549316406,6222938.0,0.42857142857142855,long
239.75,239.80099487304688,236.22000122070312,236.4250030517578,7822078.0,0.2857142857142857,long
236.42999267578125,236.86000061035156,234.47000122070312,235.13499450683594,7380314.0,0.42857142857142855,long
235.15499877929688,235.2799072265625,233.44000244140625,234.2899932861328,7945570.0,0.42857142857142855,long
234.30999755859375,236.5,233.74000549316406,235.86000061035156,8379858.0,0.42857142857142855,long
229.44000244140625,231.8300018310547,226.63499450683594,229.25999450683594,21198249.0,0.2857142857142857,long
229.25999450683594,229.8199005126953,226.0800018310547,226.4199981689453,10347971.0,0.2857142857142857,long
226.41000366210938,227.1300048828125,225.7100067138672,226.36990356445312,7067637.0,0.42857142857142855,long
226.36000061035156,227.07000732421875,225.9499969482422,226.89999389648438,4952072.0,0.42857142857142855,long
226.91000366210938,228.8477020263672,226.88999938964844,228.47000122070312,5283668.0,0.42857142857142855,long
228.47999572753906,229.2100067138672,228.32000732421875,228.5500946044922,4499030.0,0.42857142857142855,long
228.57000732421875,228.9698944091797,227.6300048828125,227.97999572753906,5648751.0,0.7142857142857143,long
227.1999969482422,230.41180419921875,226.64999389648438,230.3699951171875,11635605.0,0.2857142857142857,long
230.3800048828125,231.54879760742188,230.1199951171875,231.0500030517578,5363016.0,0.42857142857142855,long
231.05999755859375,232.7899932861328,231.0500030517578,231.77999877929688,5207796.0,0.42857142857142855,long
231.7899932861328,232.3800048828125,231.38999938964844,232.22000122070312,3095970.0,0.42857142857142855,long
232.22569274902344,232.36000061035156,231.3800048828125,232.13999938964844,2286596.0,0.42857142857142855,long
232.13999938964844,232.9499969482422,232.13499450683594,232.3090057373047,3344618.0,0.7142857142857143,long
232.2899932861328,233.1300048828125,232.02999877929688,232.7899932861328,3490884.0,0.8571428571428571,long
228.49000549316406,230.60000610351562,228.3000030517578,229.5,9950114.0,0.2857142857142857,long
229.50999450683594,230.19749450683594,228.8513946533203,230.08999633789062,3447904.0,0.2857142857142857,long
230.08999633789062,231.27999877929688,229.99000549316406,230.69000244140625,2916112.0,0.2857142857142857,long
230.67999267578125,230.75,229.6300048828125,229.91000366210938,2376195.0,0.42857142857142855,long
229.89999389648438,231.52999877929688,229.7100067138672,230.64869689941406,3043271.0,0.42857142857142855,long
230.63999938964844,231.8699951171875,230.5,231.7949981689453,2871834.0,0.2857142857142857,long
231.77999877929688,232.6699981689453,231.110107421875,232.4600067138672,3443025.0,0.5714285714285714,long
231.33999633789062,233.8000030517578,230.779296875,231.5399932861328,6919081.0,0.2857142857142857,long
231.5850067138672,232.3256072998047,230.4250030517578,231.51499938964844,3599406.0,0.42857142857142855,long
231.50999450683594,231.63499450683594,230.89999389648438,231.3300018310547,2213517.0,0.42857142857142855,long
231.34500122070312,232.33999633789062,231.02999877929688,232.19000244140625,2393555.0,0.42857142857142855,long
232.19000244140625,233.11000061035156,232.0800018310547,232.8699951171875,1818718.0,0.7142857142857143,long
232.88999938964844,232.88999938964844,231.89500427246094,232.27999877929688,2205672.0,0.7142857142857143,long
232.2899932861328,233.27999877929688,231.92999267578125,233.22000122070312,3111368.0,0.5714285714285714,long
232.51499938964844,234.0,229.8800048828125,230.38999938964844,7814805.0,0.2857142857142857,long
230.33999633789062,231.26800537109375,228.89999389648438,229.05499267578125,5664232.0,0.2857142857142857,long
229.0850067138672,229.4199981689453,228.19500732421875,228.40060424804688,3763438.0,0.7142857142857143,long
228.38999938964844,229.44000244140625,228.36329650878906,229.2989044189453,3721234.0,0.42857142857142855,long
229.2899932861328,229.5,227.8300018310547,227.8800048828125,2602577.0,0.7142857142857143,long
227.88999938964844,228.5800018310547,227.7899932861328,228.0,2965606.0,0.7142857142857143,long
227.99000549316406,228.14999389648438,227.25999450683594,227.7100067138672,5030649.0,0.7142857142857143,long
229.57000732421875,230.5850067138672,228.8000030517578,229.86619567871094,6362641.0,0.2857142857142857,long
229.88999938964844,229.91160583496094,228.74000549316406,229.36000061035156,3755966.0,0.42857142857142855,long
229.3708038330078,229.38499450683594,228.23919677734375,228.470703125,2474012.0,0.2857142857142857,long
228.47000122070312,228.8800048828125,228.3699951171875,228.47000122070312,2457578.0,0.42857142857142855,long
228.48500061035156,229.03500366210938,228.40499877929688,228.6999053955078,1724663.0,0.42857142857142855,long
228.6999969482422,228.83999633789062,227.60000610351562,227.69000244140625,2971076.0,0.5714285714285714,long
227.69500732421875,227.8800048828125,227.1999969482422,227.63999938964844,3507517.0,0.7142857142857143,long
228.1999969482422,233.49000549316406,228.1300048828125,233.33999633789062,16450165.0,0.5714285714285714,long
233.32000732421875,234.7178955078125,232.82009887695312,234.64999389648438,7044159.0,0.2857142857142857,long
234.66000366210938,235.22999572753906,233.72169494628906,234.57229614257812,5739199.0,0.42857142857142855,long
234.58999633789062,234.625,233.25,233.5449981689453,3044227.0,0.7142857142857143,long
233.59609985351562,234.1898956298828,233.1300048828125,233.3699951171875,2813907.0,0.7142857142857143,long
233.3621063232422,233.9250030517578,232.89999389648438,233.1107940673828,3713179.0,0.8571428571428571,long
233.11000061035156,233.3000030517578,232.1699981689453,232.77000427246094,4614482.0,0.8571428571428571,long
231.27499389648438,234.0500030517578,230.67999267578125,233.60499572753906,11363398.0,0.5714285714285714,long
233.58120727539062,235.13999938964844,233.5800018310547,235.07000732421875,5460408.0,0.42857142857142855,long
235.07000732421875,235.66000366210938,234.72999572753906,235.2899932861328,3522413.0,0.42857142857142855,long
235.27330017089844,235.88999938964844,234.86000061035156,235.47999572753906,2818998.0,0.42857142857142855,long
235.47320556640625,236.4199981689453,235.32000732421875,236.2100067138672,3035921.0,0.42857142857142855,long
236.2100067138672,236.66000366210938,236.07000732421875,236.46499633789062,3343068.0,0.42857142857142855,long
236.4600067138672,236.9600067138672,235.91000366210938,236.88999938964844,4493778.0,0.7142857142857143,long
236.97500610351562,239.0,235.57000732421875,237.8800048828125,9839880.0,0.5714285714285714,long
237.89599609375,241.61000061035156,237.72999572753906,240.47999572753906,8943032.0,0.42857142857142855,long
240.49029541015625,240.83999633789062,239.82000732421875,240.34500122070312,3794251.0,0.42857142857142855,long
240.3498992919922,241.35000610351562,240.19000244140625,241.02999877929688,3188980.0,0.7142857142857143,long
241.0399932861328,242.07000732421875,240.52999877929688,241.7698974609375,3761997.0,0.7142857142857143,long
241.75010681152344,242.33990478515625,241.25999450683594,241.5449981689453,3704786.0,0.7142857142857143,long
241.5449981689453,241.7689971923828,241.00999450683594,241.52000427246094,4257382.0,0.7142857142857143,long
241.07000732421875,245.0500030517578,241.0,244.3800048828125,11286651.0,0.2857142857142857,long
244.3800048828125,244.3800048828125,243.16000366210938,243.94500732421875,4923421.0,0.2857142857142857,long
243.94000244140625,244.52999877929688,243.69000244140625,243.81520080566406,4178251.0,0.42857142857142855,long
243.8249969482422,244.30999755859375,243.33999633789062,243.99989318847656,2425988.0,0.42857142857142855,long
243.97999572753906,244.5399932861328,243.94000244140625,244.14999389648438,1978801.0,0.42857142857142855,long
244.139892578125,244.3699951171875,243.91009521484375,244.10000610351562,2427820.0,0.42857142857142855,long
244.0800018310547,245.41000366210938,243.91000366210938,244.57000732421875,4882408.0,0.42857142857142855,long
243.91000366210938,245.17999267578125,242.860107421875,244.0904998779297,10825110.0,0.2857142857142857,long
244.0800018310547,244.9698944091797,243.94000244140625,244.72999572753906,3159856.0,0.2857142857142857,long
244.72000122070312,245.0500030517578,244.17999267578125,244.42999267578125,3072601.0,0.42857142857142855,long
244.4499969482422,244.5,243.25,243.43499755859375,2653024.0,0.2857142857142857,long
243.42999267578125,243.48330688476562,241.83999633789062,243.05499267578125,3303217.0,0.42857142857142855,long
243.05499267578125,243.8350067138672,242.97999572753906,243.52000427246094,2923310.0,0.42857142857142855,long
243.52999877929688,244.60000610351562,243.14999389648438,244.47000122070312,4972578.0,0.42857142857142855,long
244.61000061035156,246.00999450683594,243.7899932861328,243.9398956298828,7953912.0,0.2857142857142857,long
243.92999267578125,244.49000549316406,243.160400390625,244.3957061767578,3875842.0,0.42857142857142855,long
244.38999938964844,245.65139770507812,244.02999877929688,245.14999389648438,3328518.0,0.42857142857142855,long
245.13999938964844,245.27999877929688,244.22999572753906,244.7100067138672,1965036.0,0.42857142857142855,long
244.71499633789062,245.1898956298828,244.22000122070312,244.9001007080078,2025071.0,0.42857142857142855,long
244.89999389648438,245.1699981689453,244.45010375976562,244.8800048828125,2676277.0,0.42857142857142855,long
244.8800048828125,245.089599609375,244.53500366210938,244.8800048828125,2963614.0,0.42857142857142855,long
244.97000122070312,246.77999877929688,244.2899932861328,244.7449951171875,7059474.0,0.2857142857142857,long
244.74000549316406,246.6999969482422,244.58999633789062,246.13059997558594,4286584.0,0.5714285714285714,long
246.125,246.4600067138672,245.02999877929688,246.3800048828125,4072175.0,0.5714285714285714,long
246.3699951171875,246.41000366210938,245.16000366210938,245.44500732421875,2248069.0,0.42857142857142855,long
245.44000244140625,245.5800018310547,245.02000427246094,245.2550048828125,1791583.0,0.42857142857142855,long
245.25,245.75,244.85000610351562,245.6199951171875,2339026.0,0.7142857142857143,long
245.61000061035156,246.0,245.36000061035156,245.86000061035156,3152476.0,0.7142857142857143,long
245.96499633789062,246.94000244140625,245.22000122070312,245.7899932861328,8207297.0,0.5714285714285714,long
245.77499389648438,247.4499969482422,245.22000122070312,247.1300048828125,5440754.0,0.42857142857142855,long
247.14500427246094,247.64999389648438,246.64999389648438,247.3699951171875,4700950.0,0.5714285714285714,long
247.3800048828125,248.69000244140625,247.10000610351562,247.44119262695312,6864397.0,0.42857142857142855,long
247.44509887695312,248.0767059326172,246.42999267578125,246.49000549316406,4986285.0,0.7142857142857143,long
246.5050048828125,246.82000732421875,245.39010620117188,245.8000030517578,7827784.0,0.7142857142857143,long
245.81500244140625,246.08999633789062,245.3300018310547,245.58999633789062,5597978.0,0.7142857142857143,long
246.11500549316406,248.86000061035156,244.58999633789062,247.85000610351562,13193734.0,0.2857142857142857,long
247.85000610351562,247.9541015625,246.00999450683594,247.11019897460938,6815696.0,0.5714285714285714,long
247.1199951171875,248.32000732421875,247.1199951171875,247.7949981689453,3637316.0,0.2857142857142857,long
247.82000732421875,248.13999938964844,247.22000122070312,248.0500030517578,2550281.0,0.2857142857142857,long
248.0500030517578,248.8000030517578,247.6699981689453,248.66000366210938,4364229.0,0.2857142857142857,long
248.66000366210938,248.75,247.42999267578125,247.61000061035156,3655325.0,0.42857142857142855,long
247.59500122070312,247.7899932861328,246.82000732421875,247.22999572753906,4975763.0,0.5714285714285714,long
248.0,249.52000427246094,244.91000366210938,245.11000061035156,12543414.0,0.2857142857142857,long
245.1300048828125,246.8699951171875,244.91000366210938,246.52499389648438,4912736.0,0.7142857142857143,long
246.53500366210938,249.97999572753906,246.4300994873047,249.5800018310547,6711698.0,0.5714285714285714,long
249.5800018310547,249.6199951171875,247.72999572753906,247.97999572753906,3191684.0,0.42857142857142855,long
247.97000122070312,248.6199951171875,247.16000366210938,247.66810607910156,3236285.0,0.42857142857142855,long
247.63999938964844,248.58999633789062,247.5500030517578,247.72000122070312,3408426.0,0.42857142857142855,long
247.72500610351562,247.77000427246094,246.0449981689453,247.0500030517578,4291190.0,0.5714285714285714,long
244.3300018310547,244.97999572753906,241.4199981689453,243.47999572753906,11922325.0,0.2857142857142857,long
243.4949951171875,243.72000122070312,241.5800018310547,241.80999755859375,4844532.0,0.5714285714285714,long
241.8000030517578,243.88999938964844,241.75,243.1300048828125,3260739.0,0.42857142857142855,long
243.13999938964844,243.2899932861328,240.24000549316406,240.34030151367188,4011307.0,0.2857142857142857,long
240.33999633789062,240.38999938964844,239.1300048828125,239.82000732421875,4096351.0,0.42857142857142855,long
239.80999755859375,240.4499969482422,239.52999877929688,239.9499969482422,3160834.0,0.42857142857142855,long
239.9600067138672,240.7100067138672,239.68499755859375,240.30999755859375,4066395.0,0.42857142857142855,long
239.34500122070312,242.27999877929688,238.47000122070312,241.375,11860928.0,0.5714285714285714,long
241.36000061035156,242.4600067138672,240.63999938964844,241.52000427246094,3314596.0,0.7142857142857143,long
241.52000427246094,241.78480529785156,239.5850067138672,241.05799865722656,2483584.0,0.7142857142857143,long
241.12969970703125,242.17999267578125,240.36000061035156,241.89999389648438,2123940.0,0.5714285714285714,long
241.92999267578125,242.0500030517578,240.52000427246094,240.6300048828125,2376630.0,0.42857142857142855,long
240.64500427246094,240.66000366210938,238.77029418945312,238.9199981689453,4411625.0,0.2857142857142857,long
238.9550018310547,239.3695068359375,237.10000610351562,237.3800048828125,5981830.0,0.7142857142857143,long
236.9499969482422,237.8000030517578,234.50999450683594,237.59500122070312,9707088.0,0.5714285714285714,long
237.5800018310547,237.8300018310547,236.49000549316406,236.9199981689453,3856963.0,0.7142857142857143,long
236.8699951171875,237.75,236.5500030517578,237.60499572753906,2652791.0,0.5714285714285714,long
237.69000244140625,237.89999389648438,236.22999572753906,237.41000366210938,3253563.0,0.8571428571428571,long
237.40499877929688,238.3083038330078,237.00999450683594,237.9199981689453,3040911.0,0.5714285714285714,long
237.8800048828125,239.77999877929688,237.7003936767578,239.7100067138672,4607390.0,0.2857142857142857,long
239.69000244140625,242.08999633789062,238.80999755859375,241.83999633789062,7654870.0,0.5714285714285714,long
241.7220001220703,244.02720642089844,239.8249969482422,241.48500061035156,10137001.0,0.5714285714285714,long
241.5,242.6300048828125,241.12669372558594,241.19000244140625,3962348.0,0.5714285714285714,long
241.22999572753906,242.5500030517578,240.6649932861328,242.5399932861328,2726862.0,0.2857142857142857,long
242.5399932861328,242.98680114746094,240.74000549316406,240.96499633789062,2892774.0,0.5714285714285714,long
241.02000427246094,241.8699951171875,240.44000244140625,241.15179443359375,3716220.0,0.5714285714285714,long
241.16000366210938,242.0,236.64999389648438,236.8892059326172,5255129.0,0.7142857142857143,long
236.8800048828125,238.55999755859375,236.11199951171875,238.13999938964844,6362960.0,0.42857142857142855,long
237.7050018310547,239.38999938964844,236.35000610351562,238.39999389648438,12574876.0,0.2857142857142857,long
238.39999389648438,239.80999755859375,237.64999389648438,238.6300048828125,6419558.0,0.42857142857142855,long
238.58999633789062,240.07000732421875,238.12890625,238.1649932861328,4617834.0,0.42857142857142855,long
238.11000061035156,238.17990112304688,236.16000366210938,236.75,4297681.0,0.5714285714285714,long
236.75,238.55999755859375,236.42999267578125,238.2888946533203,3524557.0,0.42857142857142855,long
238.2899932861328,239.24989318847656,237.9822998046875,238.69000244140625,4105168.0,0.42857142857142855,long
238.67999267578125,238.75,234.6999969482422,236.07000732421875,6470426.0,0.2857142857142857,long
235.4949951171875,235.9499969482422,230.5500030517578,230.9199981689453,11396281.0,0.2857142857142857,long
230.94000244140625,233.1999969482422,230.13999938964844,230.6490020751953,4757085.0,0.2857142857142857,long
230.6199951171875,234.64999389648438,229.22999572753906,234.53990173339844,5831367.0,0.2857142857142857,long
234.5399932861328,235.5399932861328,234.0,234.67999267578125,3887648.0,0.2857142857142857,long
234.66529846191406,236.5500030517578,234.10000610351562,235.74749755859375,2837195.0,0.2857142857142857,long
235.8000030517578,236.47999572753906,235.14999389648438,236.0399932861328,3103634.0,0.42857142857142855,long
236.00999450683594,236.35000610351562,235.05999755859375,235.77000427246094,3864004.0,0.42857142857142855,long
234.43499755859375,237.16000366210938,233.5399932861328,236.47000122070312,8965074.0,0.2857142857142857,long
236.47000122070312,237.86000061035156,236.2449951171875,236.77999877929688,4326344.0,0.7142857142857143,long
236.74000549316406,237.33999633789062,234.0404052734375,234.4149932861328,4246957.0,0.2857142857142857,long
234.39999389648438,235.42999267578125,234.05999755859375,234.2949981689453,3660287.0,0.42857142857142855,long
234.30499267578125,235.1699981689453,233.39999389648438,233.69000244140625,4333970.0,0.42857142857142855,long
233.65499877929688,236.00999450683594,233.3300018310547,235.17999267578125,4926584.0,0.42857142857142855,long
235.1699981689453,235.75999450683594,234.4499969482422,235.32000732421875,4800803.0,0.42857142857142855,long
235.10499572753906,239.42999267578125,234.75999450683594,238.30999755859375,8540305.0,0.2857142857142857,long
238.31500244140625,240.16000366210938,237.0301055908203,239.02000427246094,6445384.0,0.42857142857142855,long
239.0399932861328,239.69749450683594,237.86000061035156,239.2899932861328,6229746.0,0.42857142857142855,long
239.25999450683594,241.3699951171875,238.8000030517578,240.41439819335938,6264766.0,0.42857142857142855,long
240.4250030517578,240.91000366210938,238.57000732421875,239.64999389648438,4109056.0,0.42857142857142855,long
239.6649932861328,239.86000061035156,238.0800018310547,238.8114013671875,3265326.0,0.42857142857142855,long
238.8000030517578,239.77000427246094,237.94000244140625,239.07000732421875,4811911.0,0.42857142857142855,long
235.47999572753906,236.16000366210938,228.52000427246094,228.5500030517578,15210592.0,0.2857142857142857,long
228.55499267578125,229.5,225.2899932861328,226.50869750976562,11879291.0,0.42857142857142855,long
226.52999877929688,227.2899932861328,224.22000122070312,225.47999572753906,6728298.0,0.8571428571428571,long
225.5399932861328,226.69000244140625,224.3249969482422,225.2100067138672,5441202.0,0.8571428571428571,long
225.24000549316406,226.97999572753906,224.8699951171875,226.5800018310547,5343177.0,0.42857142857142855,long
226.58999633789062,227.51499938964844,224.4208984375,226.9761962890625,7127512.0,0.42857142857142855,long
226.99000549316406,228.64999389648438,226.5,227.54100036621094,8057482.0,0.7142857142857143,long
223.8000030517578,225.83990478515625,220.00999450683594,222.52000427246094,17705238.0,0.2857142857142857,long
222.49000549316406,222.9499969482422,220.58999633789062,221.00320434570312,7838273.0,0.2857142857142857,long
220.97999572753906,221.74000549316406,218.5,218.5500030517578,8314282.0,0.2857142857142857,long
218.5399932861328,219.8800048828125,217.4499969482422,217.7550048828125,7268661.0,0.42857142857142855,long
217.72999572753906,220.97999572753906,217.67999267578125,220.5449981689453,6404020.0,0.42857142857142855,long
220.5500030517578,223.27999877929688,220.09019470214844,221.82020568847656,7110964.0,0.42857142857142855,long
221.82000732421875,222.0500030517578,220.5800018310547,220.72999572753906,6574063.0,0.42857142857142855,long
220.17999267578125,221.75,218.8300018310547,218.9499969482422,13585830.0,0.2857142857142857,long
218.9499969482422,219.39999389648438,214.91000366210938,216.44500732421875,10732384.0,0.42857142857142855,long
216.47000122070312,218.61000061035156,216.3300018310547,218.3603973388672,5950460.0,0.42857142857142855,long
218.44500732421875,218.60000610351562,216.8800048828125,218.18980407714844,4501805.0,0.42857142857142855,long
218.1300048828125,218.22000122070312,215.92999267578125,216.11000061035156,5341362.0,0.42857142857142855,long
216.1199951171875,217.08990478515625,215.0500030517578,215.639892578125,6048770.0,0.42857142857142855,long
215.64999389648438,217.27000427246094,215.27999877929688,216.94000244140625,7314758.0,0.42857142857142855,long
215.94000244140625,216.8394012451172,214.22000122070312,214.27999877929688,11543428.0,0.7142857142857143,long
214.3000030517578,214.82000732421875,213.6300048828125,214.0402069091797,6000675.0,0.8571428571428571,long
214.0449981689453,214.35000610351562,211.5500030517578,211.94000244140625,8062598.0,0.2857142857142857,long
211.93380737304688,212.92999267578125,210.69000244140625,211.15499877929688,5949778.0,0.42857142857142855,long
211.13999938964844,212.47000122070312,210.50010681152344,212.2899932861328,5034049.0,0.42857142857142855,long
212.28599548339844,212.4698944091797,210.36000061035156,210.6300048828125,5897570.0,0.42857142857142855,long
210.6699981689453,210.7100067138672,208.4199981689453,209.7100067138672,9508816.0,0.42857142857142855,long
211.25,213.42999267578125,209.5800018310547,210.3780975341797,14448242.0,0.2857142857142857,long
210.3800048828125,212.3800048828125,209.97999572753906,211.92999267578125,7229106.0,0.2857142857142857,long
211.92999267578125,213.94000244140625,211.91000366210938,212.23069763183594,5804814.0,0.42857142857142855,long
212.23500061035156,213.5,212.07229614257812,212.31500244140625,3579047.0,0.42857142857142855,long
212.30259704589844,212.6898956298828,210.75999450683594,211.2449951171875,6007354.0,0.42857142857142855,long
211.25,213.41099548339844,211.25,212.90530395507812,4621820.0,0.42857142857142855,long
212.8946075439453,213.89999389648438,212.7100067138672,213.3800048828125,6350358.0,0.7142857142857143,long
213.36000061035156,214.97000122070312,212.1699981689453,213.22470092773438,9570854.0,0.2857142857142857,long
213.22500610351562,213.25999450683594,210.46969604492188,210.75469970703125,5939423.0,0.2857142857142857,long
210.7550048828125,211.8000030517578,209.97999572753906,211.1999969482422,4387530.0,0.42857142857142855,long
211.2100067138672,212.3699951171875,211.08999633789062,212.33030700683594,3083388.0,0.42857142857142855,long
212.35499572753906,214.73019409179688,212.27999877929688,214.4550018310547,4126373.0,0.7142857142857143,long
214.4499969482422,214.7967987060547,214.07000732421875,214.68499755859375,3623892.0,0.42857142857142855,long
214.67999267578125,215.22000122070312,213.6699981689453,214.19000244140625,6930829.0,0.8571428571428571,long
214.13999938964844,215.14999389648438,212.9499969482422,214.55140686035156,10203982.0,0.5714285714285714,long
214.5500030517578,214.88999938964844,212.64999389648438,213.3300018310547,4477342.0,0.5714285714285714,long
213.25,213.97999572753906,212.7899932861328,213.72000122070312,3176514.0,0.8571428571428571,long
213.6999969482422,213.7736053466797,211.49000549316406,212.2834014892578,4535545.0,0.2857142857142857,long
212.3000030517578,212.32000732421875,211.55979919433594,211.9949951171875,3006313.0,0.42857142857142855,long
212.0,212.65499877929688,211.810302734375,212.34500122070312,3435188.0,0.42857142857142855,long
212.34500122070312,213.25999450683594,212.30999755859375,212.7899932861328,4396249.0,0.42857142857142855,long
214.22000122070312,218.75999450683594,213.91009521484375,217.14500427246094,11385869.0,0.2857142857142857,long
217.2100067138672,217.2198028564453,214.9600067138672,215.66900634765625,5115267.0,0.2857142857142857,long
215.69000244140625,216.75,215.17999267578125,215.3000030517578,3249560.0,0.2857142857142857,long
215.2899932861328,215.3300018310547,214.2899932861328,214.3800048828125,2801294.0,0.5714285714285714,long
214.39199829101562,215.04969787597656,213.75,214.27000427246094,4823378.0,0.7142857142857143,long
214.27000427246094,217.0590057373047,214.25,215.50990295410156,6058928.0,0.42857142857142855,long
215.5,215.67999267578125,214.47999572753906,215.3000030517578,5255712.0,0.42857142857142855,long
213.99000549316406,217.48989868164062,212.89999389648438,216.9904022216797,7527757.0,0.2857142857142857,long
216.97999572753906,217.2949981689453,215.78759765625,215.91900634765625,4644755.0,0.42857142857142855,long
215.89999389648438,216.4600067138672,214.02000427246094,214.13999938964844,4337539.0,0.7142857142857143,long
214.13999938964844,214.50999450683594,213.0,213.22999572753906,5149763.0,0.42857142857142855,long
213.25999450683594,213.88999938964844,212.72999572753906,212.75999450683594,3180049.0,0.42857142857142855,long
212.77000427246094,213.39999389648438,212.22000122070312,212.68350219726562,4531064.0,0.42857142857142855,long
212.69000244140625,214.75999450683594,212.69000244140625,214.14999389648438,5352998.0,0.8571428571428571,long
211.51499938964844,214.41000366210938,211.47000122070312,213.74000549316406,21249328.0,0.7142857142857143,long
213.7100067138672,214.83999633789062,213.2606964111328,213.44349670410156,7372592.0,0.7142857142857143,long
213.44000244140625,215.39999389648438,212.63999938964844,214.65499877929688,3813985.0,0.2857142857142857,long
214.6699981689453,215.47999572753906,214.48480224609375,214.6199951171875,3366634.0,0.42857142857142855,long
214.61000061035156,215.03900146484375,214.26010131835938,214.6699981689453,3091390.0,0.42857142857142855,long
214.6699981689453,215.3699951171875,214.63999938964844,215.30999755859375,4189003.0,0.2857142857142857,long
215.30999755859375,218.83999633789062,215.00999450683594,218.36000061035156,10148885.0,0.2857142857142857,long
221.0,221.02099609375,218.5800018310547,219.77000427246094,9344812.0,0.7142857142857143,long
219.80999755859375,220.69000244140625,219.02920532226562,219.15750122070312,4668518.0,0.5714285714285714,long
219.15499877929688,220.0500030517578,218.9600067138672,219.0,3264720.0,0.2857142857142857,long
219.01499938964844,219.5,218.82000732421875,219.2899932861328,3057015.0,0.7142857142857143,long
219.32000732421875,219.85000610351562,219.08999633789062,219.75999450683594,2530901.0,0.8571428571428571,long
219.77499389648438,220.47000122070312,219.46580505371094,219.77000427246094,4139018.0,0.8571428571428571,long
219.7899932861328,221.00999450683594,219.66000366210938,220.42999267578125,6001386.0,0.42857142857142855,long
220.80999755859375,223.38999938964844,220.0800018310547,223.3699951171875,8242408.0,0.2857142857142857,long
223.3800048828125,223.89999389648438,222.3000030517578,223.52999877929688,4010970.0,0.2857142857142857,long
223.5399932861328,223.6999969482422,223.00999450683594,223.11000061035156,2236176.0,0.42857142857142855,long
223.10000610351562,223.6300048828125,220.72999572753906,222.80999755859375,2317900.0,0.42857142857142855,long
222.82699584960938,223.94900512695312,222.60000610351562,223.49000549316406,2529710.0,0.42857142857142855,long
223.5,223.7100067138672,222.78500366210938,223.4199981689453,3423322.0,0.42857142857142855,long
223.41000366210938,224.10000610351562,223.2899932861328,223.72999572753906,4310099.0,0.42857142857142855,long
223.50999450683594,225.02000427246094,222.83999633789062,224.07449340820312,8205828.0,0.2857142857142857,long
224.0850067138672,224.3155975341797,223.11000061035156,223.72000122070312,3253126.0,0.42857142857142855,long
223.7200927734375,223.89999389648438,222.1199951171875,223.6750030517578,3220107.0,0.42857142857142855,long
223.6750030517578,223.7899932861328,221.6300048828125,222.0800018310547,2855124.0,0.2857142857142857,long
222.0800018310547,222.22000122070312,221.4001007080078,221.8350067138672,2219567.0,0.2857142857142857,long
221.81500244140625,221.88499450683594,220.60000610351562,220.60000610351562,3054676.0,0.2857142857142857,long
220.61500549316406,221.8800048828125,220.47000122070312,221.39999389648438,4140037.0,0.42857142857142855,long
221.3300018310547,222.10000610351562,220.5601043701172,221.64999389648438,5508724.0,0.2857142857142857,long
221.64999389648438,223.24000549316406,221.39999389648438,222.8000946044922,3784484.0,0.42857142857142855,long
222.8000030517578,223.75999450683594,222.56500244140625,223.19500732421875,2866958.0,0.42857142857142855,long
223.17999267578125,223.97999572753906,222.72000122070312,223.10499572753906,3509193.0,0.42857142857142855,long
223.0800018310547,224.55999755859375,223.0500030517578,224.3699951171875,3521517.0,0.42857142857142855,long
224.35000610351562,224.99000549316406,223.94500732421875,224.7899932861328,3376619.0,0.42857142857142855,long
224.8000030517578,224.99000549316406,223.6999969482422,223.92999267578125,5491814.0,0.42857142857142855,long
221.6490020751953,223.8000030517578,219.69500732421875,219.91000366210938,8900229.0,0.7142857142857143,long
219.88999938964844,220.64999389648438,219.1699981689453,219.97999572753906,4819013.0,0.7142857142857143,long
219.89109802246094,220.22000122070312,218.35000610351562,218.69000244140625,3075097.0,0.2857142857142857,long
218.6699981689453,219.1199951171875,218.2100067138672,218.49000549316406,3059478.0,0.42857142857142855,long
218.5,219.16650390625,218.17999267578125,219.0500030517578,2307054.0,0.42857142857142855,long
219.0399932861328,219.14999389648438,218.1103973388672,218.50999450683594,3188030.0,0.42857142857142855,long
218.5,218.75,217.67999267578125,217.8800048828125,5319689.0,0.42857142857142855,long
217.22000122070312,219.30999755859375,216.24000549316406,218.57000732421875,13611371.0,0.2857142857142857,long
218.61000061035156,220.0800018310547,218.3256072998047,219.1300048828125,5127759.0,0.7142857142857143,long
219.10000610351562,220.92999267578125,218.88519287109375,220.9199981689453,3710448.0,0.2857142857142857,long
220.89999389648438,221.02000427246094,219.38999938964844,219.8699951171875,2845575.0,0.8571428571428571,long
219.85000610351562,220.8800048828125,219.24169921875,220.7949981689453,2764885.0,0.42857142857142855,long
220.8000030517578,221.73500061035156,220.38999938964844,221.22500610351562,4172283.0,0.42857142857142855,long
221.2100067138672,224.97000122070312,220.99009704589844,221.9949951171875,11487559.0,0.42857142857142855,long
219.80499267578125,223.38999938964844,218.89999389648438,221.5198974609375,9630525.0,0.2857142857142857,long
221.49000549316406,223.42999267578125,221.36000061035156,222.87989807128906,4197037.0,0.2857142857142857,long
222.86500549316406,223.13999938964844,222.14999389648438,222.52999877929688,2944555.0,0.42857142857142855,long
222.55499267578125,223.0800018310547,222.19000244140625,222.3385009765625,2079835.0,0.42857142857142855,long
222.3000030517578,222.77499389648438,221.4499969482422,221.5,2283252.0,0.42857142857142855,long
221.49000549316406,222.1199951171875,221.14999389648438,221.72999572753906,2520811.0,0.42857142857142855,long
221.7100067138672,223.49000549316406,221.57000732421875,223.13999938964844,4133846.0,0.42857142857142855,long
221.19000244140625,224.10850524902344,221.0500030517578,224.0399932861328,5984058.0,0.2857142857142857,long
224.02000427246094,224.71539306640625,223.4499969482422,224.47999572753906,3704510.0,0.42857142857142855,long
224.4499969482422,224.60000610351562,223.11000061035156,224.1300048828125,2694881.0,0.42857142857142855,long
224.1300048828125,225.19000244140625,223.19000244140625,224.72000122070312,3616264.0,0.42857142857142855,long
224.72000122070312,224.80999755859375,222.9199981689453,222.92999267578125,2445540.0,0.42857142857142855,long
222.9199981689453,223.9409942626953,222.8614044189453,223.66009521484375,2653899.0,0.42857142857142855,long
223.6699981689453,224.4600067138672,223.5,223.7899932861328,4054405.0,0.42857142857142855,long
205.52000427246094,207.48989868164062,202.52000427246094,205.63499450683594,32868028.0,0.2857142857142857,long
205.63499450683594,206.47000122070312,203.3699951171875,204.0500030517578,11492280.0,0.2857142857142857,long
204.0500030517578,207.0399932861328,203.7042999267578,206.05999755859375,8453124.0,0.5714285714285714,long
206.10000610351562,206.3000030517578,203.84010314941406,204.0050048828125,5727160.0,0.2857142857142857,long
203.99000549316406,204.6051025390625,202.6999969482422,203.0,6326946.0,0.2857142857142857,long
202.98280334472656,203.52000427246094,202.13999938964844,202.1999969482422,9806166.0,0.2857142857142857,long
202.1999969482422,203.86000061035156,201.25,203.05999755859375,14152077.0,0.42857142857142855,long
193.9250030517578,199.8800048828125,192.8000030517578,195.27999877929688,32115307.0,0.2857142857142857,long
195.2949981689453,197.21170043945312,191.05999755859375,194.49000549316406,19673653.0,0.42857142857142855,long
194.46499633789062,196.0,192.25999450683594,192.80999755859375,9394432.0,0.2857142857142857,long
192.77999877929688,193.9761962890625,190.89999389648438,190.99000549316406,8256831.0,0.5714285714285714,long
190.97999572753906,192.57000732421875,188.83099365234375,188.8800048828125,12240537.0,0.2857142857142857,long
188.89999389648438,190.86880493164062,187.34500122070312,190.22999572753906,13768216.0,0.7142857142857143,long
190.2100067138672,191.72999572753906,188.05999755859375,188.3800048828125,14314697.0,0.42857142857142855,long
177.0,194.13999938964844,174.6199951171875,181.77000427246094,60689672.0,0.2857142857142857,long
181.67999267578125,185.93980407714844,175.6999969482422,176.36000061035156,21664542.0,0.2857142857142857,long
176.41000366210938,180.3300018310547,175.75,178.13999938964844,12923106.0,0.7142857142857143,long
178.10000610351562,181.72000122070312,177.10000610351562,181.5399932861328,10820708.0,0.42857142857142855,long
181.55499267578125,183.88999938964844,179.5,180.3350067138672,12360402.0,0.42857142857142855,long
180.33999633789062,182.3000030517578,178.2801055908203,178.42129516601562,12053848.0,0.7142857142857143,long
178.44000244140625,182.0,178.43499755859375,181.58999633789062,11790019.0,0.42857142857142855,long
186.72999572753906,190.3350067138672,185.10000610351562,189.3300018310547,25336677.0,0.2857142857142857,long
189.32000732421875,189.92999267578125,184.05999755859375,184.08999633789062,11822751.0,0.2857142857142857,long
184.07000732421875,185.5399932861328,182.2899932861328,183.3300018310547,7825256.0,0.2857142857142857,long
183.32000732421875,183.51499938964844,175.0,175.02999877929688,15712598.0,0.2857142857142857,long
175.02000427246094,178.60989379882812,174.85000610351562,175.3300018310547,11562913.0,0.42857142857142855,long
175.31219482421875,177.22999572753906,171.6300048828125,172.88999938964844,15040705.0,0.42857142857142855,long
172.8699951171875,173.44000244140625,169.21009826660156,172.77000427246094,16156814.0,0.42857142857142855,long
172.1790008544922,179.4199981689453,171.88999938964844,178.41180419921875,32288949.0,0.5714285714285714,long
178.50999450683594,180.4199981689453,176.8300018310547,179.7550048828125,15996521.0,0.2857142857142857,long
179.75,181.07000732421875,177.75,179.58999633789062,11721052.0,0.42857142857142855,long
179.57989501953125,194.49000549316406,179.24000549316406,188.52499389648438,19036631.0,0.42857142857142855,long
188.50999450683594,194.86990356445312,188.1300048828125,190.8000030517578,27276269.0,0.7142857142857143,long
190.7899932861328,198.97999572753906,183.8699951171875,196.05999755859375,30349699.0,0.42857142857142855,long
196.0,200.61000061035156,195.91000366210938,198.85000610351562,20947383.0,0.5714285714285714,long
189.1649932861328,194.7799072265625,189.0,192.14500427246094,25783702.0,0.7142857142857143,long
192.22000122070312,193.57000732421875,188.69000244140625,188.8592071533203,10331960.0,0.2857142857142857,long
188.85499572753906,189.22999572753906,183.0,184.27000427246094,16399003.0,0.42857142857142855,long
184.26499938964844,189.89999389648438,184.1750030517578,188.00999450683594,13927222.0,0.42857142857142855,long
187.97000122070312,192.0,186.0,191.75999450683594,14336457.0,0.8571428571428571,long
191.75,192.8000030517578,189.02000427246094,189.98500061035156,10246898.0,0.7142857142857143,long
190.0,192.43499755859375,187.8300018310547,190.44000244140625,10417028.0,0.7142857142857143,long
186.17999267578125,193.25,186.05999755859375,189.92999267578125,17210427.0,0.5714285714285714,long
189.94000244140625,194.1999969482422,189.63999938964844,193.32000732421875,9778670.0,0.2857142857142857,long
193.2899932861328,197.6699981689453,192.87860107421875,195.80099487304688,11426289.0,0.42857142857142855,long
195.82000732421875,199.35000610351562,195.80999755859375,196.83070373535156,10272519.0,0.42857142857142855,long
196.8524932861328,199.5399932861328,196.03790283203125,197.5800018310547,8204023.0,0.5714285714285714,long
197.60000610351562,198.9438934326172,197.40179443359375,198.3419952392578,6229743.0,0.8571428571428571,long
198.35000610351562,199.0,197.54139709472656,198.02000427246094,9619486.0,0.8571428571428571,long
211.44000244140625,212.94000244140625,204.61000061035156,204.75,38852582.0,0.2857142857142857,long
204.8000030517578,206.1999053955078,203.41000366210938,203.60000610351562,11826668.0,0.2857142857142857,long
203.64999389648438,204.3800048828125,201.16209411621094,201.75,11801459.0,0.2857142857142857,long
201.72999572753906,204.97850036621094,201.5850067138672,203.86399841308594,8024983.0,0.42857142857142855,long
203.88499450683594,205.80999755859375,203.42999267578125,205.7899932861328,6209694.0,0.42857142857142855,long
205.7899932861328,206.66000366210938,205.38999938964844,205.7100067138672,6862210.0,0.42857142857142855,long
205.72000122070312,205.89999389648438,202.32000732421875,202.58999633789062,8409251.0,0.42857142857142855,long
201.85499572753906,203.5050048828125,199.82000732421875,200.8000030517578,13453371.0,0.2857142857142857,long
200.7899932861328,203.08999633789062,200.68600463867188,202.11500549316406,6103100.0,0.2857142857142857,long
202.13999938964844,203.35000610351562,201.9600067138672,203.0399932861328,3730153.0,0.2857142857142857,long
203.0500030517578,203.28399658203125,201.11500549316406,201.60440063476562,3893654.0,0.42857142857142855,long
201.5850067138672,202.7769012451172,201.30499267578125,201.76499938964844,4045655.0,0.42857142857142855,long
201.71499633789062,203.2899932861328,201.63999938964844,202.8000030517578,4048783.0,0.42857142857142855,long
202.8300018310547,202.95899963378906,201.9199981689453,202.1300048828125,4398627.0,0.42857142857142855,long
198.36000061035156,200.6999969482422,196.02000427246094,197.07000732421875,13937138.0,0.2857142857142857,long
197.05999755859375,198.98849487304688,196.80999755859375,198.35009765625,6372057.0,0.7142857142857143,long
198.375,198.39999389648438,196.3905029296875,196.91000366210938,4368116.0,0.2857142857142857,long
196.91000366210938,197.9199981689453,196.64999389648438,197.75999450683594,3351617.0,0.7142857142857143,long
197.75999450683594,197.80999755859375,193.9199981689453,194.55499267578125,7922500.0,0.2857142857142857,long
194.5399932861328,194.64370727539062,192.3699951171875,192.57000732421875,5831097.0,0.5714285714285714,long
192.5800018310547,194.86349487304688,192.57000732421875,194.3000030517578,7049437.0,0.42857142857142855,long
197.14999389648438,197.1999969482422,194.63999938964844,195.63999938964844,11995068.0,0.2857142857142857,long
195.69000244140625,197.09500122070312,194.4199981689453,196.0399932861328,6835084.0,0.2857142857142857,long
196.02999877929688,198.0500030517578,195.9886932373047,197.80499267578125,4703332.0,0.5714285714285714,long
197.8260040283203,198.57000732421875,196.67999267578125,196.6999969482422,4953563.0,0.42857142857142855,long
196.7100067138672,198.83349609375,196.6699981689453,198.27999877929688,3858649.0,0.7142857142857143,long
198.2899932861328,198.66000366210938,196.8699951171875,197.24220275878906,4857368.0,0.42857142857142855,long
197.25,197.6999969482422,195.82000732421875,196.8699951171875,4510991.0,0.42857142857142855,long
